OperatorID,OperatorName,Operator_input,Operator_output,Operator_cudatime,Operator_cudatimenooverlap,InputSize,OutputSize,gpuid,stage,tpflag
1,aten::conv2d,[4; 6],[13],1278,1273,[19267584; 9408],[102760448],0,forward,1
2,aten::add_,[15; 17],[15],2,2,[1; 1],[1],0,forward,0
3,aten::batch_norm,[13; 20; 22; 24; 26],[33],962,962,[102760448; 64; 64; 64; 64],[102760448],0,forward,0
4,aten::relu_,[33],[33],268,268,[102760448],[102760448],0,forward,0
5,aten::max_pool2d,[33],[51],408,408,[102760448],[25690112],0,forward,0
6,aten::conv2d,[51; 55],[61],72,72,[25690112; 4096],[25690112],0,forward,1
7,aten::add_,[63; 65],[63],2,2,[1; 1],[1],0,forward,0
8,aten::batch_norm,[61; 68; 70; 72; 74],[81],245,245,[25690112; 64; 64; 64; 64],[25690112],0,forward,0
9,aten::relu_,[81],[81],67,67,[25690112],[25690112],0,forward,0
10,aten::conv2d,[81; 96],[91],308,299,[25690112; 36864],[25690112],0,forward,1
11,aten::add_,[103; 105],[103],1,1,[1; 1],[1],0,forward,0
12,aten::batch_norm,[91; 108; 110; 112; 114],[121],242,242,[25690112; 64; 64; 64; 64],[25690112],0,forward,0
13,aten::relu_,[121],[121],68,68,[25690112],[25690112],0,forward,0
14,aten::conv2d,[121; 136],[131],222,222,[25690112; 16384],[102760448],0,forward,1
15,aten::add_,[143; 145],[143],1,1,[1; 1],[1],0,forward,0
16,aten::batch_norm,[131; 148; 150; 152; 154],[161],492,492,[102760448; 256; 256; 256; 256],[102760448],0,forward,0
17,aten::conv2d,[51; 174],[180],224,224,[25690112; 16384],[102760448],0,forward,1
18,aten::add_,[182; 171],[182],1,1,[1; 1],[1],0,forward,0
19,aten::batch_norm,[180; 186; 188; 190; 192],[199],486,486,[102760448; 256; 256; 256; 256],[102760448],0,forward,0
20,aten::add_,[161; 199],[161],398,398,[102760448; 102760448],[102760448],0,forward,0
21,aten::relu_,[161],[161],270,270,[102760448],[102760448],0,forward,0
22,aten::conv2d,[161; 215],[209],178,178,[102760448; 16384],[25690112],0,forward,1
23,aten::add_,[222; 224],[222],1,1,[1; 1],[1],0,forward,0
24,aten::batch_norm,[209; 227; 229; 231; 233],[240],243,243,[25690112; 64; 64; 64; 64],[25690112],0,forward,0
25,aten::relu_,[240],[240],67,67,[25690112],[25690112],0,forward,0
26,aten::conv2d,[240; 255],[250],310,301,[25690112; 36864],[25690112],0,forward,1
27,aten::add_,[262; 264],[262],2,2,[1; 1],[1],0,forward,0
28,aten::batch_norm,[250; 267; 269; 271; 273],[280],244,244,[25690112; 64; 64; 64; 64],[25690112],0,forward,0
29,aten::relu_,[280],[280],67,67,[25690112],[25690112],0,forward,0
30,aten::conv2d,[280; 295],[290],224,224,[25690112; 16384],[102760448],0,forward,1
31,aten::add_,[301; 303],[301],1,1,[1; 1],[1],0,forward,0
32,aten::batch_norm,[290; 306; 308; 310; 312],[319],486,486,[102760448; 256; 256; 256; 256],[102760448],0,forward,0
33,aten::add_,[319; 161],[319],397,397,[102760448; 102760448],[102760448],0,forward,0
34,aten::relu_,[319],[319],270,270,[102760448],[102760448],0,forward,0
35,aten::conv2d,[319; 335],[329],178,178,[102760448; 16384],[25690112],0,forward,1
36,aten::add_,[342; 344],[342],1,1,[1; 1],[1],0,forward,0
37,aten::batch_norm,[329; 347; 349; 351; 353],[360],242,242,[25690112; 64; 64; 64; 64],[25690112],0,forward,0
38,aten::relu_,[360],[360],67,67,[25690112],[25690112],0,forward,0
39,aten::conv2d,[360; 375],[370],312,304,[25690112; 36864],[25690112],0,forward,1
40,aten::add_,[382; 384],[382],1,1,[1; 1],[1],0,forward,0
41,aten::batch_norm,[370; 387; 389; 391; 393],[400],242,242,[25690112; 64; 64; 64; 64],[25690112],0,forward,0
42,aten::relu_,[400],[400],68,68,[25690112],[25690112],0,forward,0
43,aten::conv2d,[400; 415],[421],223,223,[25690112; 16384],[102760448],0,forward,1
44,aten::add_,[423; 425],[423],1,1,[1; 1],[1],0,forward,0
45,aten::batch_norm,[421; 428; 430; 432; 434],[441],489,489,[102760448; 256; 256; 256; 256],[102760448],0,forward,0
46,aten::add_,[441; 319],[441],397,397,[102760448; 102760448],[102760448],0,forward,0
47,aten::relu_,[441],[441],269,269,[102760448],[102760448],0,forward,0
48,aten::conv2d,[441; 458],[464],242,242,[102760448; 32768],[51380224],0,forward,1
49,aten::add_,[466; 468],[466],2,2,[1; 1],[1],0,forward,0
50,aten::batch_norm,[464; 471; 473; 475; 477],[484],299,299,[51380224; 128; 128; 128; 128],[51380224],0,forward,0
51,aten::relu_,[484],[484],135,135,[51380224],[51380224],0,forward,0
52,aten::conv2d,[484; 500],[506],298,289,[51380224; 147456],[12845056],0,forward,1
53,aten::add_,[508; 510],[508],2,2,[1; 1],[1],0,forward,0
54,aten::batch_norm,[506; 513; 515; 517; 519],[526],77,77,[12845056; 128; 128; 128; 128],[12845056],0,forward,0
55,aten::relu_,[526],[526],34,34,[12845056],[12845056],0,forward,0
56,aten::conv2d,[526; 542],[548],99,99,[12845056; 65536],[51380224],0,forward,1
57,aten::add_,[550; 552],[550],1,1,[1; 1],[1],0,forward,0
58,aten::batch_norm,[548; 555; 557; 559; 561],[568],239,239,[51380224; 512; 512; 512; 512],[51380224],0,forward,0
59,aten::conv2d,[441; 582],[588],473,468,[102760448; 131072],[51380224],0,forward,1
60,aten::add_,[590; 592],[590],2,2,[1; 1],[1],0,forward,0
61,aten::batch_norm,[588; 595; 597; 599; 601],[608],239,239,[51380224; 512; 512; 512; 512],[51380224],0,forward,0
62,aten::add_,[568; 608],[568],198,198,[51380224; 51380224],[51380224],0,forward,0
63,aten::relu_,[568],[568],137,137,[51380224],[51380224],0,forward,0
64,aten::conv2d,[568; 625],[631],98,98,[51380224; 65536],[12845056],0,forward,1
65,aten::add_,[633; 635],[633],2,2,[1; 1],[1],0,forward,0
66,aten::batch_norm,[631; 638; 640; 642; 644],[651],76,76,[12845056; 128; 128; 128; 128],[12845056],0,forward,0
67,aten::relu_,[651],[651],34,34,[12845056],[12845056],0,forward,0
68,aten::conv2d,[651; 666],[672],178,169,[12845056; 147456],[12845056],0,forward,1
69,aten::add_,[674; 676],[674],1,1,[1; 1],[1],0,forward,0
70,aten::batch_norm,[672; 679; 681; 683; 685],[692],76,76,[12845056; 128; 128; 128; 128],[12845056],0,forward,0
71,aten::relu_,[692],[692],33,33,[12845056],[12845056],0,forward,0
72,aten::conv2d,[692; 706],[712],98,98,[12845056; 65536],[51380224],0,forward,1
73,aten::add_,[714; 716],[714],2,2,[1; 1],[1],0,forward,0
74,aten::batch_norm,[712; 719; 721; 723; 725],[732],241,241,[51380224; 512; 512; 512; 512],[51380224],0,forward,0
75,aten::add_,[732; 568],[732],199,199,[51380224; 51380224],[51380224],0,forward,0
76,aten::relu_,[732],[732],135,135,[51380224],[51380224],0,forward,0
77,aten::conv2d,[732; 749],[755],99,99,[51380224; 65536],[12845056],0,forward,1
78,aten::add_,[757; 759],[757],2,2,[1; 1],[1],0,forward,0
79,aten::batch_norm,[755; 762; 764; 766; 768],[775],75,75,[12845056; 128; 128; 128; 128],[12845056],0,forward,0
80,aten::relu_,[775],[775],33,33,[12845056],[12845056],0,forward,0
81,aten::conv2d,[775; 790],[785],180,171,[12845056; 147456],[12845056],0,forward,1
82,aten::add_,[797; 799],[797],2,2,[1; 1],[1],0,forward,0
83,aten::batch_norm,[785; 802; 804; 806; 808],[815],77,77,[12845056; 128; 128; 128; 128],[12845056],0,forward,0
84,aten::relu_,[815],[815],33,33,[12845056],[12845056],0,forward,0
85,aten::conv2d,[815; 830],[825],99,99,[12845056; 65536],[51380224],0,forward,1
86,aten::add_,[837; 839],[837],1,1,[1; 1],[1],0,forward,0
87,aten::batch_norm,[825; 842; 844; 846; 848],[855],241,241,[51380224; 512; 512; 512; 512],[51380224],0,forward,0
88,aten::add_,[855; 732],[855],198,198,[51380224; 51380224],[51380224],0,forward,0
89,aten::relu_,[855],[855],137,137,[51380224],[51380224],0,forward,0
90,aten::conv2d,[855; 871],[865],97,97,[51380224; 65536],[12845056],0,forward,1
91,aten::add_,[878; 880],[878],2,2,[1; 1],[1],0,forward,0
92,aten::batch_norm,[865; 883; 885; 887; 889],[896],75,75,[12845056; 128; 128; 128; 128],[12845056],0,forward,0
93,aten::relu_,[896],[896],33,33,[12845056],[12845056],0,forward,0
94,aten::conv2d,[896; 911],[906],178,170,[12845056; 147456],[12845056],0,forward,1
95,aten::add_,[918; 920],[918],2,2,[1; 1],[1],0,forward,0
96,aten::batch_norm,[906; 923; 925; 927; 929],[936],76,76,[12845056; 128; 128; 128; 128],[12845056],0,forward,0
97,aten::relu_,[936],[936],33,33,[12845056],[12845056],0,forward,0
98,aten::conv2d,[936; 951],[946],100,100,[12845056; 65536],[51380224],0,forward,1
99,aten::add_,[958; 960],[958],1,1,[1; 1],[1],0,forward,0
100,aten::batch_norm,[946; 963; 965; 967; 969],[976],237,237,[51380224; 512; 512; 512; 512],[51380224],0,forward,0
101,aten::add_,[976; 855],[976],199,199,[51380224; 51380224],[51380224],0,forward,0
102,aten::relu_,[976],[976],136,136,[51380224],[51380224],0,forward,0
103,aten::conv2d,[976; 992],[986],124,124,[51380224; 131072],[25690112],0,forward,1
104,aten::add_,[999; 1001],[999],2,2,[1; 1],[1],0,forward,0
105,aten::batch_norm,[986; 1004; 1006; 1008; 1010],[1017],122,122,[25690112; 256; 256; 256; 256],[25690112],0,forward,0
106,aten::relu_,[1017],[1017],67,67,[25690112],[25690112],0,forward,0
107,aten::conv2d,[1017; 1032],[1027],184,175,[25690112; 589824],[6422528],0,forward,1
108,aten::add_,[1039; 1041],[1039],2,2,[1; 1],[1],0,forward,0
109,aten::batch_norm,[1027; 1044; 1046; 1048; 1050],[1057],31,31,[6422528; 256; 256; 256; 256],[6422528],0,forward,0
110,aten::relu_,[1057],[1057],12,12,[6422528],[6422528],0,forward,0
111,aten::conv2d,[1057; 1072],[1067],110,110,[6422528; 262144],[25690112],0,forward,1
112,aten::add_,[1079; 1081],[1079],2,2,[1; 1],[1],0,forward,0
113,aten::batch_norm,[1067; 1084; 1086; 1088; 1090],[1097],116,116,[25690112; 1024; 1024; 1024; 1024],[25690112],0,forward,0
114,aten::conv2d,[976; 1110],[1116],301,295,[51380224; 524288],[25690112],0,forward,1
115,aten::add_,[1118; 1107],[1118],2,2,[1; 1],[1],0,forward,0
116,aten::batch_norm,[1116; 1122; 1124; 1126; 1128],[1135],114,114,[25690112; 1024; 1024; 1024; 1024],[25690112],0,forward,0
117,aten::add_,[1097; 1135],[1097],100,100,[25690112; 25690112],[25690112],0,forward,0
118,aten::relu_,[1097],[1097],68,68,[25690112],[25690112],0,forward,0
119,aten::conv2d,[1097; 1151],[1145],90,90,[25690112; 262144],[6422528],0,forward,1
120,aten::add_,[1158; 1160],[1158],1,1,[1; 1],[1],0,forward,0
121,aten::batch_norm,[1145; 1163; 1165; 1167; 1169],[1176],29,29,[6422528; 256; 256; 256; 256],[6422528],0,forward,0
122,aten::relu_,[1176],[1176],12,12,[6422528],[6422528],0,forward,0
123,aten::conv2d,[1176; 1191],[1186],124,115,[6422528; 589824],[6422528],0,forward,1
124,aten::add_,[1197; 1199],[1197],1,1,[1; 1],[1],0,forward,0
125,aten::batch_norm,[1186; 1202; 1204; 1206; 1208],[1215],31,31,[6422528; 256; 256; 256; 256],[6422528],0,forward,0
126,aten::relu_,[1215],[1215],12,12,[6422528],[6422528],0,forward,0
127,aten::conv2d,[1215; 1230],[1225],111,111,[6422528; 262144],[25690112],0,forward,1
128,aten::add_,[1237; 1239],[1237],2,2,[1; 1],[1],0,forward,0
129,aten::batch_norm,[1225; 1242; 1244; 1246; 1248],[1255],115,115,[25690112; 1024; 1024; 1024; 1024],[25690112],0,forward,0
130,aten::add_,[1255; 1097],[1255],99,99,[25690112; 25690112],[25690112],0,forward,0
131,aten::relu_,[1255],[1255],69,69,[25690112],[25690112],0,forward,0
132,aten::conv2d,[1255; 1271],[1265],88,88,[25690112; 262144],[6422528],0,forward,1
133,aten::add_,[1278; 1280],[1278],1,1,[1; 1],[1],0,forward,0
134,aten::batch_norm,[1265; 1283; 1285; 1287; 1289],[1296],29,29,[6422528; 256; 256; 256; 256],[6422528],0,forward,0
135,aten::relu_,[1296],[1296],12,12,[6422528],[6422528],0,forward,0
136,aten::conv2d,[1296; 1311],[1306],122,114,[6422528; 589824],[6422528],0,forward,1
137,aten::add_,[1318; 1320],[1318],1,1,[1; 1],[1],0,forward,0
138,aten::batch_norm,[1306; 1323; 1325; 1327; 1329],[1336],30,30,[6422528; 256; 256; 256; 256],[6422528],0,forward,0
139,aten::relu_,[1336],[1336],11,11,[6422528],[6422528],0,forward,0
140,aten::conv2d,[1336; 1351],[1346],111,111,[6422528; 262144],[25690112],0,forward,1
141,aten::add_,[1358; 1360],[1358],1,1,[1; 1],[1],0,forward,0
142,aten::batch_norm,[1346; 1363; 1365; 1367; 1369],[1376],116,116,[25690112; 1024; 1024; 1024; 1024],[25690112],0,forward,0
143,aten::add_,[1376; 1255],[1376],98,98,[25690112; 25690112],[25690112],0,forward,0
144,aten::relu_,[1376],[1376],69,69,[25690112],[25690112],0,forward,0
145,aten::conv2d,[1376; 1392],[1386],92,92,[25690112; 262144],[6422528],0,forward,1
146,aten::add_,[1399; 1401],[1399],1,1,[1; 1],[1],0,forward,0
147,aten::batch_norm,[1386; 1404; 1406; 1408; 1410],[1417],30,30,[6422528; 256; 256; 256; 256],[6422528],0,forward,0
148,aten::relu_,[1417],[1417],12,12,[6422528],[6422528],0,forward,0
149,aten::conv2d,[1417; 1432],[1427],123,115,[6422528; 589824],[6422528],0,forward,1
150,aten::add_,[1439; 1441],[1439],1,1,[1; 1],[1],0,forward,0
151,aten::batch_norm,[1427; 1444; 1446; 1448; 1450],[1457],30,30,[6422528; 256; 256; 256; 256],[6422528],0,forward,0
152,aten::relu_,[1457],[1457],12,12,[6422528],[6422528],0,forward,0
153,aten::conv2d,[1457; 1472],[1467],112,112,[6422528; 262144],[25690112],0,forward,1
154,aten::add_,[1479; 1481],[1479],2,2,[1; 1],[1],0,forward,0
155,aten::batch_norm,[1467; 1484; 1486; 1488; 1490],[1497],116,116,[25690112; 1024; 1024; 1024; 1024],[25690112],0,forward,0
156,aten::add_,[1497; 1376],[1497],98,98,[25690112; 25690112],[25690112],0,forward,0
157,aten::relu_,[1497],[1497],69,69,[25690112],[25690112],0,forward,0
158,aten::conv2d,[1497; 1513],[1507],90,90,[25690112; 262144],[6422528],0,forward,1
159,aten::add_,[1520; 1522],[1520],1,1,[1; 1],[1],0,forward,0
160,aten::batch_norm,[1507; 1525; 1527; 1529; 1531],[1538],30,30,[6422528; 256; 256; 256; 256],[6422528],0,forward,0
161,aten::relu_,[1538],[1538],11,11,[6422528],[6422528],0,forward,0
162,aten::conv2d,[1538; 1553],[1548],123,115,[6422528; 589824],[6422528],0,forward,1
163,aten::add_,[1560; 1562],[1560],1,1,[1; 1],[1],0,forward,0
164,aten::batch_norm,[1548; 1565; 1567; 1569; 1571],[1578],30,30,[6422528; 256; 256; 256; 256],[6422528],0,forward,0
165,aten::relu_,[1578],[1578],12,12,[6422528],[6422528],0,forward,0
166,aten::conv2d,[1578; 1593],[1588],111,111,[6422528; 262144],[25690112],0,forward,1
167,aten::add_,[1600; 1602],[1600],2,2,[1; 1],[1],0,forward,0
168,aten::batch_norm,[1588; 1605; 1607; 1609; 1611],[1618],116,116,[25690112; 1024; 1024; 1024; 1024],[25690112],0,forward,0
169,aten::add_,[1618; 1497],[1618],99,99,[25690112; 25690112],[25690112],0,forward,0
170,aten::relu_,[1618],[1618],69,69,[25690112],[25690112],0,forward,0
171,aten::conv2d,[1618; 1634],[1628],89,89,[25690112; 262144],[6422528],0,forward,1
172,aten::add_,[1641; 1643],[1641],1,1,[1; 1],[1],0,forward,0
173,aten::batch_norm,[1628; 1646; 1648; 1650; 1652],[1659],29,29,[6422528; 256; 256; 256; 256],[6422528],0,forward,0
174,aten::relu_,[1659],[1659],12,12,[6422528],[6422528],0,forward,0
175,aten::conv2d,[1659; 1674],[1669],124,115,[6422528; 589824],[6422528],0,forward,1
176,aten::add_,[1681; 1683],[1681],1,1,[1; 1],[1],0,forward,0
177,aten::batch_norm,[1669; 1686; 1688; 1690; 1692],[1699],31,31,[6422528; 256; 256; 256; 256],[6422528],0,forward,0
178,aten::relu_,[1699],[1699],12,12,[6422528],[6422528],0,forward,0
179,aten::conv2d,[1699; 1714],[1709],111,111,[6422528; 262144],[25690112],0,forward,1
180,aten::add_,[1721; 1723],[1721],1,1,[1; 1],[1],0,forward,0
181,aten::batch_norm,[1709; 1726; 1728; 1730; 1732],[1739],116,116,[25690112; 1024; 1024; 1024; 1024],[25690112],0,forward,0
182,aten::add_,[1739; 1618],[1739],99,99,[25690112; 25690112],[25690112],0,forward,0
183,aten::relu_,[1739],[1739],69,69,[25690112],[25690112],0,forward,0
184,aten::conv2d,[1739; 1755],[1749],255,255,[25690112; 524288],[12845056],0,forward,1
185,aten::add_,[1762; 1764],[1762],1,1,[1; 1],[1],0,forward,0
186,aten::batch_norm,[1749; 1767; 1769; 1771; 1773],[1780],57,57,[12845056; 512; 512; 512; 512],[12845056],0,forward,0
187,aten::relu_,[1780],[1780],31,31,[12845056],[12845056],0,forward,0
188,aten::conv2d,[1780; 1795],[1790],164,160,[12845056; 2359296],[3211264],0,forward,1
189,aten::add_,[1802; 1804],[1802],1,1,[1; 1],[1],0,forward,0
190,aten::batch_norm,[1790; 1807; 1809; 1811; 1813],[1820],15,15,[3211264; 512; 512; 512; 512],[3211264],0,forward,0
191,aten::relu_,[1820],[1820],6,6,[3211264],[3211264],0,forward,0
192,aten::conv2d,[1820; 1835],[1830],108,93,[3211264; 1048576],[12845056],0,forward,1
193,aten::add_,[1842; 1844],[1842],1,1,[1; 1],[1],0,forward,0
194,aten::batch_norm,[1830; 1847; 1849; 1851; 1853],[1860],71,71,[12845056; 2048; 2048; 2048; 2048],[12845056],0,forward,0
195,aten::conv2d,[1739; 1873],[1879],201,195,[25690112; 2097152],[12845056],0,forward,1
196,aten::add_,[1881; 1870],[1881],2,2,[1; 1],[1],0,forward,0
197,aten::batch_norm,[1879; 1885; 1887; 1889; 1891],[1898],70,70,[12845056; 2048; 2048; 2048; 2048],[12845056],0,forward,0
198,aten::add_,[1860; 1898],[1860],48,48,[12845056; 12845056],[12845056],0,forward,0
199,aten::relu_,[1860],[1860],36,36,[12845056],[12845056],0,forward,0
200,aten::conv2d,[1860; 1914],[1908],106,103,[12845056; 1048576],[3211264],0,forward,1
201,aten::add_,[1921; 1923],[1921],1,1,[1; 1],[1],0,forward,0
202,aten::batch_norm,[1908; 1926; 1928; 1930; 1932],[1939],14,14,[3211264; 512; 512; 512; 512],[3211264],0,forward,0
203,aten::relu_,[1939],[1939],6,6,[3211264],[3211264],0,forward,0
204,aten::conv2d,[1939; 1954],[1949],131,126,[3211264; 2359296],[3211264],0,forward,1
205,aten::add_,[1961; 1963],[1961],1,1,[1; 1],[1],0,forward,0
206,aten::batch_norm,[1949; 1966; 1968; 1970; 1972],[1979],15,15,[3211264; 512; 512; 512; 512],[3211264],0,forward,0
207,aten::relu_,[1979],[1979],6,6,[3211264],[3211264],0,forward,0
208,aten::conv2d,[1979; 1993],[1988],111,96,[3211264; 1048576],[12845056],0,forward,1
209,aten::add_,[2000; 2002],[2000],1,1,[1; 1],[1],0,forward,0
210,aten::batch_norm,[1988; 2005; 2007; 2009; 2011],[2018],70,70,[12845056; 2048; 2048; 2048; 2048],[12845056],0,forward,0
211,aten::add_,[2018; 1860],[2018],46,46,[12845056; 12845056],[12845056],0,forward,0
212,aten::relu_,[2018],[2018],34,34,[12845056],[12845056],0,forward,0
213,aten::conv2d,[2018; 2034],[2028],106,102,[12845056; 1048576],[3211264],0,forward,1
214,aten::add_,[2041; 2043],[2041],1,1,[1; 1],[1],0,forward,0
215,aten::batch_norm,[2028; 2046; 2048; 2050; 2052],[2059],15,15,[3211264; 512; 512; 512; 512],[3211264],0,forward,0
216,aten::relu_,[2059],[2059],6,6,[3211264],[3211264],0,forward,0
217,aten::conv2d,[2059; 2074],[2069],131,127,[3211264; 2359296],[3211264],0,forward,1
218,aten::add_,[2081; 2083],[2081],1,1,[1; 1],[1],0,forward,0
219,aten::batch_norm,[2069; 2086; 2088; 2090; 2092],[2099],15,15,[3211264; 512; 512; 512; 512],[3211264],0,forward,0
220,aten::relu_,[2099],[2099],6,6,[3211264],[3211264],0,forward,0
221,aten::conv2d,[2099; 2114],[2109],111,95,[3211264; 1048576],[12845056],0,forward,1
222,aten::add_,[2121; 2123],[2121],1,1,[1; 1],[1],0,forward,0
223,aten::batch_norm,[2109; 2126; 2128; 2130; 2132],[2139],72,72,[12845056; 2048; 2048; 2048; 2048],[12845056],0,forward,0
224,aten::add_,[2139; 2018],[2139],46,46,[12845056; 12845056],[12845056],0,forward,0
225,aten::relu_,[2139],[2139],35,35,[12845056],[12845056],0,forward,0
226,aten::adaptive_avg_pool2d,[2139],[2149],64,64,[12845056],[262144],0,forward,0
228,aten::linear,[2160; 2161; 2163],[2171],59,51,[262144; 2048000; 1000],[128000],0,forward,1
229,aten::cross_entropy_loss,[2171; 2173],[2187],617,7,[128000; 128],[1],0,forward,0
230,aten::ones_like,[2187],[2192],1,1,[1],[1],0,forward,0
231,autograd::engine::evaluate_function: NllLossBackward0,[2192; 2179; 2173; 9; 2184],[2199],80,3,[1; 128000; 128; 0; 1],[128000],0,backward,0
232,autograd::engine::evaluate_function: LogSoftmaxBackward0,[2199; 2205],[2207],3,3,[128000; 128000],[128000],0,backward,0
233,autograd::engine::evaluate_function: AddmmBackward0,[2169],[2214],236,41,[2048000],[2048000],0,backward,1
238,autograd::engine::evaluate_function: MeanBackward1,[2253],[2258],32,32,[262144],[12845056],0,backward,0
239,autograd::engine::evaluate_function: ReluBackward0,[2263; 2267],[2269],53,53,[12845056; 12845056],[12845056],0,backward,0
241,autograd::engine::evaluate_function: CudnnBatchNormBackward0,[2109; 2269; 2126; 2130; 2132; 2142; 2146; 2151],[2277; 2279; 2282],95,95,[12845056; 12845056; 2048; 2048; 2048; 2048; 2048; 0],[12845056; 2048; 2048],0,backward,0
244,autograd::engine::evaluate_function: ConvolutionBackward0,[2277; 2099; 2114],[2285; 2302; 9],239,232,[12845056; 3211264; 1048576],[3211264; 1048576; 0],0,backward,1
246,autograd::engine::evaluate_function: ReluBackward0,[2285; 2311],[2313],12,12,[3211264; 3211264],[3211264],0,backward,0
247,autograd::engine::evaluate_function: CudnnBatchNormBackward0,[2069; 2313; 2086; 2090; 2092; 2102; 2106; 2111],[2319; 2321; 2324],28,28,[3211264; 3211264; 512; 512; 512; 512; 512; 0],[3211264; 512; 512],0,backward,0
250,autograd::engine::evaluate_function: ConvolutionBackward0,[2319; 2059; 2074],[2326; 2343; 9],333,321,[3211264; 3211264; 2359296],[3211264; 2359296; 0],0,backward,1
252,autograd::engine::evaluate_function: ReluBackward0,[2326; 2352],[2354],14,14,[3211264; 3211264],[3211264],0,backward,0
253,autograd::engine::evaluate_function: CudnnBatchNormBackward0,[2028; 2354; 2046; 2050; 2052; 2062; 2066; 2071],[2359; 2361; 2363],29,29,[3211264; 3211264; 512; 512; 512; 512; 512; 0],[3211264; 512; 512],0,backward,0
256,autograd::engine::evaluate_function: ConvolutionBackward0,[2359; 2018; 2034],[2365; 2382; 9],839,280,[3211264; 12845056; 1048576],[12845056; 1048576; 0],0,backward,1
258,autograd::engine::evaluate_function: ReluBackward0,[2269; 2392],[2394],52,52,[12845056; 12845056],[12845056],0,backward,0
260,autograd::engine::evaluate_function: CudnnBatchNormBackward0,[1988; 2394; 2005; 2009; 2011; 2021; 2025; 2030],[2401; 2403; 2406],96,96,[12845056; 12845056; 2048; 2048; 2048; 2048; 2048; 0],[12845056; 2048; 2048],0,backward,0
263,autograd::engine::evaluate_function: ConvolutionBackward0,[2401; 1979; 1993],[2409; 2426; 9],238,229,[12845056; 3211264; 1048576],[3211264; 1048576; 0],0,backward,1
265,autograd::engine::evaluate_function: ReluBackward0,[2409; 2435],[2437],12,12,[3211264; 3211264],[3211264],0,backward,0
266,autograd::engine::evaluate_function: CudnnBatchNormBackward0,[1949; 2437; 1966; 1970; 1972; 1981; 1985; 1990],[2443; 2445; 2447],29,29,[3211264; 3211264; 512; 512; 512; 512; 512; 0],[3211264; 512; 512],0,backward,0
269,autograd::engine::evaluate_function: ConvolutionBackward0,[2443; 1939; 1954],[2450; 2467; 9],335,324,[3211264; 3211264; 2359296],[3211264; 2359296; 0],0,backward,1
271,autograd::engine::evaluate_function: ReluBackward0,[2450; 2476],[2478],13,13,[3211264; 3211264],[3211264],0,backward,0
272,autograd::engine::evaluate_function: CudnnBatchNormBackward0,[1908; 2478; 1926; 1930; 1932; 1942; 1946; 1951],[2483; 2485; 2487],29,29,[3211264; 3211264; 512; 512; 512; 512; 512; 0],[3211264; 512; 512],0,backward,0
275,autograd::engine::evaluate_function: ConvolutionBackward0,[2483; 1860; 1914],[2489; 2506; 9],1083,282,[3211264; 12845056; 1048576],[12845056; 1048576; 0],0,backward,1
277,autograd::engine::evaluate_function: ReluBackward0,[2394; 2516],[2518],52,52,[12845056; 12845056],[12845056],0,backward,0
279,autograd::engine::evaluate_function: CudnnBatchNormBackward0,[1879; 2518; 1885; 1889; 1891; 1901; 1905; 1910],[2525; 2527; 2529],97,97,[12845056; 12845056; 2048; 2048; 2048; 2048; 2048; 0],[12845056; 2048; 2048],0,backward,0
282,autograd::engine::evaluate_function: ConvolutionBackward0,[2525; 1739; 1873],[2531; 2548; 9],475,463,[12845056; 25690112; 2097152],[25690112; 2097152; 0],0,backward,1
284,autograd::engine::evaluate_function: CudnnBatchNormBackward0,[1830; 2518; 1847; 1851; 1853; 1863; 1867; 1872],[2559; 2561; 2563],93,93,[12845056; 12845056; 2048; 2048; 2048; 2048; 2048; 0],[12845056; 2048; 2048],0,backward,0
287,autograd::engine::evaluate_function: ConvolutionBackward0,[2559; 1820; 1835],[2565; 2582; 9],239,232,[12845056; 3211264; 1048576],[3211264; 1048576; 0],0,backward,1
289,autograd::engine::evaluate_function: ReluBackward0,[2565; 2591],[2593],12,12,[3211264; 3211264],[3211264],0,backward,0
290,autograd::engine::evaluate_function: CudnnBatchNormBackward0,[1790; 2593; 1807; 1811; 1813; 1823; 1827; 1832],[2598; 2600; 2602],29,29,[3211264; 3211264; 512; 512; 512; 512; 512; 0],[3211264; 512; 512],0,backward,0
293,autograd::engine::evaluate_function: ConvolutionBackward0,[2598; 1780; 1795],[2604; 2621; 9],548,534,[3211264; 12845056; 2359296],[12845056; 2359296; 0],0,backward,1
295,autograd::engine::evaluate_function: ReluBackward0,[2604; 2629],[2631],50,50,[12845056; 12845056],[12845056],0,backward,0
296,autograd::engine::evaluate_function: CudnnBatchNormBackward0,[1749; 2631; 1767; 1771; 1773; 1783; 1787; 1792],[2636; 2638; 2640],113,113,[12845056; 12845056; 512; 512; 512; 512; 512; 0],[12845056; 512; 512],0,backward,0
299,autograd::engine::evaluate_function: ConvolutionBackward0,[2636; 1739; 1755],[2642; 2659; 9],874,552,[12845056; 25690112; 524288],[25690112; 524288; 0],0,backward,1
301,autograd::engine::evaluate_function: ReluBackward0,[2531; 2669],[2671],102,102,[25690112; 25690112],[25690112],0,backward,0
303,autograd::engine::evaluate_function: CudnnBatchNormBackward0,[1709; 2671; 1726; 1730; 1732; 1742; 1746; 1751],[2678; 2681; 2683],213,213,[25690112; 25690112; 1024; 1024; 1024; 1024; 1024; 0],[25690112; 1024; 1024],0,backward,0
306,autograd::engine::evaluate_function: ConvolutionBackward0,[2678; 1699; 1714],[2686; 2703; 9],282,276,[25690112; 6422528; 262144],[6422528; 262144; 0],0,backward,1
308,autograd::engine::evaluate_function: ReluBackward0,[2686; 2711],[2713],21,21,[6422528; 6422528],[6422528],0,backward,0
309,autograd::engine::evaluate_function: CudnnBatchNormBackward0,[1669; 2713; 1686; 1690; 1692; 1702; 1706; 1711],[2718; 2721; 2724],61,61,[6422528; 6422528; 256; 256; 256; 256; 256; 0],[6422528; 256; 256],0,backward,0
312,autograd::engine::evaluate_function: ConvolutionBackward0,[2718; 1659; 1674],[2726; 2743; 9],397,379,[6422528; 6422528; 589824],[6422528; 589824; 0],0,backward,1
314,autograd::engine::evaluate_function: ReluBackward0,[2726; 2752],[2754],22,22,[6422528; 6422528],[6422528],0,backward,0
315,autograd::engine::evaluate_function: CudnnBatchNormBackward0,[1628; 2754; 1646; 1650; 1652; 1662; 1666; 1671],[2759; 2761; 2764],61,61,[6422528; 6422528; 256; 256; 256; 256; 256; 0],[6422528; 256; 256],0,backward,0
318,autograd::engine::evaluate_function: ConvolutionBackward0,[2759; 1618; 1634],[2766; 2783; 9],2474,357,[6422528; 25690112; 262144],[25690112; 262144; 0],0,backward,1
320,autograd::engine::evaluate_function: ReluBackward0,[2671; 2792],[2794],102,102,[25690112; 25690112],[25690112],0,backward,0
322,autograd::engine::evaluate_function: CudnnBatchNormBackward0,[1588; 2794; 1605; 1609; 1611; 1621; 1625; 1630],[2801; 2803; 2805],212,212,[25690112; 25690112; 1024; 1024; 1024; 1024; 1024; 0],[25690112; 1024; 1024],0,backward,0
325,autograd::engine::evaluate_function: ConvolutionBackward0,[2801; 1578; 1593],[2808; 2825; 9],285,278,[25690112; 6422528; 262144],[6422528; 262144; 0],0,backward,1
327,autograd::engine::evaluate_function: ReluBackward0,[2808; 2833],[2835],21,21,[6422528; 6422528],[6422528],0,backward,0
328,autograd::engine::evaluate_function: CudnnBatchNormBackward0,[1548; 2835; 1565; 1569; 1571; 1581; 1585; 1590],[2841; 2843; 2846],60,60,[6422528; 6422528; 256; 256; 256; 256; 256; 0],[6422528; 256; 256],0,backward,0
331,autograd::engine::evaluate_function: ConvolutionBackward0,[2841; 1538; 1553],[2848; 2865; 9],397,378,[6422528; 6422528; 589824],[6422528; 589824; 0],0,backward,1
333,autograd::engine::evaluate_function: ReluBackward0,[2848; 2874],[2876],22,22,[6422528; 6422528],[6422528],0,backward,0
334,autograd::engine::evaluate_function: CudnnBatchNormBackward0,[1507; 2876; 1525; 1529; 1531; 1541; 1545; 1550],[2881; 2883; 2885],59,59,[6422528; 6422528; 256; 256; 256; 256; 256; 0],[6422528; 256; 256],0,backward,0
337,autograd::engine::evaluate_function: ConvolutionBackward0,[2881; 1497; 1513],[2887; 2904; 9],967,357,[6422528; 25690112; 262144],[25690112; 262144; 0],0,backward,1
339,autograd::engine::evaluate_function: ReluBackward0,[2794; 2914],[2916],102,102,[25690112; 25690112],[25690112],0,backward,0
341,autograd::engine::evaluate_function: CudnnBatchNormBackward0,[1467; 2916; 1484; 1488; 1490; 1500; 1504; 1509],[2923; 2925; 2927],213,213,[25690112; 25690112; 1024; 1024; 1024; 1024; 1024; 0],[25690112; 1024; 1024],0,backward,0
344,autograd::engine::evaluate_function: ConvolutionBackward0,[2923; 1457; 1472],[2929; 2946; 9],283,278,[25690112; 6422528; 262144],[6422528; 262144; 0],0,backward,1
346,autograd::engine::evaluate_function: ReluBackward0,[2929; 2955],[2957],21,21,[6422528; 6422528],[6422528],0,backward,0
347,autograd::engine::evaluate_function: CudnnBatchNormBackward0,[1427; 2957; 1444; 1448; 1450; 1460; 1464; 1469],[2963; 2965; 2967],61,61,[6422528; 6422528; 256; 256; 256; 256; 256; 0],[6422528; 256; 256],0,backward,0
350,autograd::engine::evaluate_function: ConvolutionBackward0,[2963; 1417; 1432],[2969; 2986; 9],397,378,[6422528; 6422528; 589824],[6422528; 589824; 0],0,backward,1
352,autograd::engine::evaluate_function: ReluBackward0,[2969; 2995],[2997],23,23,[6422528; 6422528],[6422528],0,backward,0
353,autograd::engine::evaluate_function: CudnnBatchNormBackward0,[1386; 2997; 1404; 1408; 1410; 1420; 1424; 1429],[3002; 3004; 3006],60,60,[6422528; 6422528; 256; 256; 256; 256; 256; 0],[6422528; 256; 256],0,backward,0
356,autograd::engine::evaluate_function: ConvolutionBackward0,[3002; 1376; 1392],[3008; 3025; 9],1061,356,[6422528; 25690112; 262144],[25690112; 262144; 0],0,backward,1
358,autograd::engine::evaluate_function: ReluBackward0,[2916; 3035],[3037],102,102,[25690112; 25690112],[25690112],0,backward,0
360,autograd::engine::evaluate_function: CudnnBatchNormBackward0,[1346; 3037; 1363; 1367; 1369; 1379; 1383; 1388],[3044; 3046; 3049],213,213,[25690112; 25690112; 1024; 1024; 1024; 1024; 1024; 0],[25690112; 1024; 1024],0,backward,0
363,autograd::engine::evaluate_function: ConvolutionBackward0,[3044; 1336; 1351],[3052; 3069; 9],284,277,[25690112; 6422528; 262144],[6422528; 262144; 0],0,backward,1
365,autograd::engine::evaluate_function: ReluBackward0,[3052; 3078],[3080],21,21,[6422528; 6422528],[6422528],0,backward,0
366,autograd::engine::evaluate_function: CudnnBatchNormBackward0,[1306; 3080; 1323; 1327; 1329; 1339; 1343; 1348],[3086; 3088; 3090],60,60,[6422528; 6422528; 256; 256; 256; 256; 256; 0],[6422528; 256; 256],0,backward,0
369,autograd::engine::evaluate_function: ConvolutionBackward0,[3086; 1296; 1311],[3092; 3109; 9],396,379,[6422528; 6422528; 589824],[6422528; 589824; 0],0,backward,1
371,autograd::engine::evaluate_function: ReluBackward0,[3092; 3118],[3120],23,23,[6422528; 6422528],[6422528],0,backward,0
372,autograd::engine::evaluate_function: CudnnBatchNormBackward0,[1265; 3120; 1283; 1287; 1289; 1299; 1303; 1308],[3125; 3128; 3130],60,60,[6422528; 6422528; 256; 256; 256; 256; 256; 0],[6422528; 256; 256],0,backward,0
375,autograd::engine::evaluate_function: ConvolutionBackward0,[3125; 1255; 1271],[3132; 3149; 9],960,356,[6422528; 25690112; 262144],[25690112; 262144; 0],0,backward,1
377,autograd::engine::evaluate_function: ReluBackward0,[3037; 3159],[3161],102,102,[25690112; 25690112],[25690112],0,backward,0
379,autograd::engine::evaluate_function: CudnnBatchNormBackward0,[1225; 3161; 1242; 1246; 1248; 1258; 1262; 1267],[3168; 3170; 3173],211,211,[25690112; 25690112; 1024; 1024; 1024; 1024; 1024; 0],[25690112; 1024; 1024],0,backward,0
382,autograd::engine::evaluate_function: ConvolutionBackward0,[3168; 1215; 1230],[3176; 3193; 9],282,276,[25690112; 6422528; 262144],[6422528; 262144; 0],0,backward,1
384,autograd::engine::evaluate_function: ReluBackward0,[3176; 3202],[3204],21,21,[6422528; 6422528],[6422528],0,backward,0
385,autograd::engine::evaluate_function: CudnnBatchNormBackward0,[1186; 3204; 1202; 1206; 1208; 1218; 1222; 1227],[3210; 3212; 3214],60,60,[6422528; 6422528; 256; 256; 256; 256; 256; 0],[6422528; 256; 256],0,backward,0
388,autograd::engine::evaluate_function: ConvolutionBackward0,[3210; 1176; 1191],[3216; 3233; 9],397,377,[6422528; 6422528; 589824],[6422528; 589824; 0],0,backward,1
390,autograd::engine::evaluate_function: ReluBackward0,[3216; 3242],[3244],23,23,[6422528; 6422528],[6422528],0,backward,0
391,autograd::engine::evaluate_function: CudnnBatchNormBackward0,[1145; 3244; 1163; 1167; 1169; 1179; 1183; 1188],[3249; 3251; 3254],60,60,[6422528; 6422528; 256; 256; 256; 256; 256; 0],[6422528; 256; 256],0,backward,0
394,autograd::engine::evaluate_function: ConvolutionBackward0,[3249; 1097; 1151],[3257; 3274; 9],1399,357,[6422528; 25690112; 262144],[25690112; 262144; 0],0,backward,1
396,autograd::engine::evaluate_function: ReluBackward0,[3161; 3284],[3286],102,102,[25690112; 25690112],[25690112],0,backward,0
398,autograd::engine::evaluate_function: CudnnBatchNormBackward0,[1116; 3286; 1122; 1126; 1128; 1138; 1142; 1147],[3293; 3295; 3297],213,213,[25690112; 25690112; 1024; 1024; 1024; 1024; 1024; 0],[25690112; 1024; 1024],0,backward,0
401,autograd::engine::evaluate_function: ConvolutionBackward0,[3293; 976; 1110],[3300; 3317; 9],735,722,[25690112; 51380224; 524288],[51380224; 524288; 0],0,backward,1
403,autograd::engine::evaluate_function: CudnnBatchNormBackward0,[1067; 3286; 1084; 1088; 1090; 1100; 1104; 1109],[3329; 3331; 3333],210,210,[25690112; 25690112; 1024; 1024; 1024; 1024; 1024; 0],[25690112; 1024; 1024],0,backward,0
406,autograd::engine::evaluate_function: ConvolutionBackward0,[3329; 1057; 1072],[3335; 3352; 9],283,277,[25690112; 6422528; 262144],[6422528; 262144; 0],0,backward,1
408,autograd::engine::evaluate_function: ReluBackward0,[3335; 3361],[3363],21,21,[6422528; 6422528],[6422528],0,backward,0
409,autograd::engine::evaluate_function: CudnnBatchNormBackward0,[1027; 3363; 1044; 1048; 1050; 1060; 1064; 1069],[3368; 3370; 3372],59,59,[6422528; 6422528; 256; 256; 256; 256; 256; 0],[6422528; 256; 256],0,backward,0
412,autograd::engine::evaluate_function: ConvolutionBackward0,[3368; 1017; 1032],[3375; 3392; 9],674,660,[6422528; 25690112; 589824],[25690112; 589824; 0],0,backward,1
414,autograd::engine::evaluate_function: ReluBackward0,[3375; 3400],[3402],96,96,[25690112; 25690112],[25690112],0,backward,0
415,autograd::engine::evaluate_function: CudnnBatchNormBackward0,[986; 3402; 1004; 1008; 1010; 1020; 1024; 1029],[3407; 3409; 3411],219,219,[25690112; 25690112; 256; 256; 256; 256; 256; 0],[25690112; 256; 256],0,backward,0
418,autograd::engine::evaluate_function: ConvolutionBackward0,[3407; 976; 992],[3414; 3431; 9],1142,576,[25690112; 51380224; 131072],[51380224; 131072; 0],0,backward,1
420,autograd::engine::evaluate_function: ReluBackward0,[3300; 3441],[3443],201,201,[51380224; 51380224],[51380224],0,backward,0
422,autograd::engine::evaluate_function: CudnnBatchNormBackward0,[946; 3443; 963; 967; 969; 979; 983; 988],[3450; 3452; 3455],458,458,[51380224; 51380224; 512; 512; 512; 512; 512; 0],[51380224; 512; 512],0,backward,0
425,autograd::engine::evaluate_function: ConvolutionBackward0,[3450; 936; 951],[3457; 3474; 9],237,230,[51380224; 12845056; 65536],[12845056; 65536; 0],0,backward,1
427,autograd::engine::evaluate_function: ReluBackward0,[3457; 3483],[3485],45,45,[12845056; 12845056],[12845056],0,backward,0
428,autograd::engine::evaluate_function: CudnnBatchNormBackward0,[906; 3485; 923; 927; 929; 939; 943; 948],[3491; 3493; 3496],161,161,[12845056; 12845056; 128; 128; 128; 128; 128; 0],[12845056; 128; 128],0,backward,0
431,autograd::engine::evaluate_function: ConvolutionBackward0,[3491; 896; 911],[3498; 3515; 9],427,412,[12845056; 12845056; 147456],[12845056; 147456; 0],0,backward,1
433,autograd::engine::evaluate_function: ReluBackward0,[3498; 3524],[3526],48,48,[12845056; 12845056],[12845056],0,backward,0
434,autograd::engine::evaluate_function: CudnnBatchNormBackward0,[865; 3526; 883; 887; 889; 899; 903; 908],[3531; 3533; 3535],161,161,[12845056; 12845056; 128; 128; 128; 128; 128; 0],[12845056; 128; 128],0,backward,0
437,autograd::engine::evaluate_function: ConvolutionBackward0,[3531; 855; 871],[3537; 3554; 9],951,438,[12845056; 51380224; 65536],[51380224; 65536; 0],0,backward,1
439,autograd::engine::evaluate_function: ReluBackward0,[3443; 3564],[3566],201,201,[51380224; 51380224],[51380224],0,backward,0
441,autograd::engine::evaluate_function: CudnnBatchNormBackward0,[825; 3566; 842; 846; 848; 858; 862; 867],[3573; 3575; 3578],456,456,[51380224; 51380224; 512; 512; 512; 512; 512; 0],[51380224; 512; 512],0,backward,0
444,autograd::engine::evaluate_function: ConvolutionBackward0,[3573; 815; 830],[3580; 3597; 9],235,229,[51380224; 12845056; 65536],[12845056; 65536; 0],0,backward,1
446,autograd::engine::evaluate_function: ReluBackward0,[3580; 3606],[3608],45,45,[12845056; 12845056],[12845056],0,backward,0
447,autograd::engine::evaluate_function: CudnnBatchNormBackward0,[785; 3608; 802; 806; 808; 818; 822; 827],[3613; 3616; 3619],161,161,[12845056; 12845056; 128; 128; 128; 128; 128; 0],[12845056; 128; 128],0,backward,0
450,autograd::engine::evaluate_function: ConvolutionBackward0,[3613; 775; 790],[3622; 3639; 9],432,416,[12845056; 12845056; 147456],[12845056; 147456; 0],0,backward,1
452,autograd::engine::evaluate_function: ReluBackward0,[3622; 3648],[3650],48,48,[12845056; 12845056],[12845056],0,backward,0
453,autograd::engine::evaluate_function: CudnnBatchNormBackward0,[755; 3650; 762; 766; 768; 778; 782; 787],[3655; 3657; 3660],161,161,[12845056; 12845056; 128; 128; 128; 128; 128; 0],[12845056; 128; 128],0,backward,0
456,autograd::engine::evaluate_function: ConvolutionBackward0,[3655; 732; 749],[3662; 3679; 9],959,440,[12845056; 51380224; 65536],[51380224; 65536; 0],0,backward,1
458,autograd::engine::evaluate_function: ReluBackward0,[3566; 3689],[3691],201,201,[51380224; 51380224],[51380224],0,backward,0
460,autograd::engine::evaluate_function: CudnnBatchNormBackward0,[712; 3691; 719; 723; 725; 737; 740; 745],[3698; 3700; 3703],457,457,[51380224; 51380224; 512; 512; 512; 512; 512; 0],[51380224; 512; 512],0,backward,0
463,autograd::engine::evaluate_function: ConvolutionBackward0,[3698; 692; 706],[3706; 3723; 9],235,229,[51380224; 12845056; 65536],[12845056; 65536; 0],0,backward,1
465,autograd::engine::evaluate_function: ReluBackward0,[3706; 3731],[3733],45,45,[12845056; 12845056],[12845056],0,backward,0
466,autograd::engine::evaluate_function: CudnnBatchNormBackward0,[672; 3733; 679; 683; 685; 696; 699; 571],[3738; 3740; 3743],162,162,[12845056; 12845056; 128; 128; 128; 128; 128; 0],[12845056; 128; 128],0,backward,0
469,autograd::engine::evaluate_function: ConvolutionBackward0,[3738; 651; 666],[3745; 3762; 9],432,416,[12845056; 12845056; 147456],[12845056; 147456; 0],0,backward,1
471,autograd::engine::evaluate_function: ReluBackward0,[3745; 3771],[3773],47,47,[12845056; 12845056],[12845056],0,backward,0
472,autograd::engine::evaluate_function: CudnnBatchNormBackward0,[631; 3773; 638; 642; 644; 656; 659; 452],[3778; 3780; 3782],160,160,[12845056; 12845056; 128; 128; 128; 128; 128; 0],[12845056; 128; 128],0,backward,0
475,autograd::engine::evaluate_function: ConvolutionBackward0,[3778; 568; 625],[3784; 3801; 9],1063,438,[12845056; 51380224; 65536],[51380224; 65536; 0],0,backward,1
477,autograd::engine::evaluate_function: ReluBackward0,[3691; 3811],[3813],201,201,[51380224; 51380224],[51380224],0,backward,0
479,autograd::engine::evaluate_function: CudnnBatchNormBackward0,[588; 3813; 595; 599; 601; 613; 616; 621],[3820; 3822; 3825],456,456,[51380224; 51380224; 512; 512; 512; 512; 512; 0],[51380224; 512; 512],0,backward,0
482,autograd::engine::evaluate_function: ConvolutionBackward0,[3820; 441; 582],[3828; 3845; 9],1233,1223,[51380224; 102760448; 131072],[102760448; 131072; 0],0,backward,1
484,autograd::engine::evaluate_function: CudnnBatchNormBackward0,[548; 3813; 555; 559; 561; 573; 576; 581],[3856; 3858; 3860],452,452,[51380224; 51380224; 512; 512; 512; 512; 512; 0],[51380224; 512; 512],0,backward,0
487,autograd::engine::evaluate_function: ConvolutionBackward0,[3856; 526; 542],[3862; 3879; 9],236,230,[51380224; 12845056; 65536],[12845056; 65536; 0],0,backward,1
489,autograd::engine::evaluate_function: ReluBackward0,[3862; 3888],[3890],44,44,[12845056; 12845056],[12845056],0,backward,0
490,autograd::engine::evaluate_function: CudnnBatchNormBackward0,[506; 3890; 513; 517; 519; 531; 534; 539],[3895; 3897; 3899],163,163,[12845056; 12845056; 128; 128; 128; 128; 128; 0],[12845056; 128; 128],0,backward,0
493,autograd::engine::evaluate_function: ConvolutionBackward0,[3895; 484; 500],[3901; 3918; 9],949,924,[12845056; 51380224; 147456],[51380224; 147456; 0],0,backward,1
495,autograd::engine::evaluate_function: ReluBackward0,[3901; 3927],[3929],198,198,[51380224; 51380224],[51380224],0,backward,0
496,autograd::engine::evaluate_function: CudnnBatchNormBackward0,[464; 3929; 471; 475; 477; 489; 492; 497],[3935; 3937; 3939],614,614,[51380224; 51380224; 128; 128; 128; 128; 128; 0],[51380224; 128; 128],0,backward,0
499,autograd::engine::evaluate_function: ConvolutionBackward0,[3935; 441; 458],[3941; 3958; 9],1248,848,[51380224; 102760448; 32768],[102760448; 32768; 0],0,backward,1
501,autograd::engine::evaluate_function: ReluBackward0,[3828; 3968],[3970],399,399,[102760448; 102760448],[102760448],0,backward,0
503,autograd::engine::evaluate_function: CudnnBatchNormBackward0,[421; 3970; 428; 432; 434; 446; 449; 454],[3977; 3979; 3981],843,843,[102760448; 102760448; 256; 256; 256; 256; 256; 0],[102760448; 256; 256],0,backward,0
506,autograd::engine::evaluate_function: ConvolutionBackward0,[3977; 400; 415],[3984; 4001; 9],371,367,[102760448; 25690112; 16384],[25690112; 16384; 0],0,backward,1
508,autograd::engine::evaluate_function: ReluBackward0,[3984; 4010],[4012],94,94,[25690112; 25690112],[25690112],0,backward,0
509,autograd::engine::evaluate_function: CudnnBatchNormBackward0,[370; 4012; 387; 391; 393; 403; 407; 412],[410; 4019; 4022],544,544,[25690112; 25690112; 64; 64; 64; 64; 64; 0],[25690112; 64; 64],0,backward,0
512,autograd::engine::evaluate_function: ConvolutionBackward0,[410; 360; 375],[4024; 4041; 9],792,776,[25690112; 25690112; 36864],[25690112; 36864; 0],0,backward,1
514,autograd::engine::evaluate_function: ReluBackward0,[4024; 4050],[4052],95,95,[25690112; 25690112],[25690112],0,backward,0
515,autograd::engine::evaluate_function: CudnnBatchNormBackward0,[329; 4052; 347; 351; 353; 363; 367; 372],[4057; 4059; 4061],545,545,[25690112; 25690112; 64; 64; 64; 64; 64; 0],[25690112; 64; 64],0,backward,0
518,autograd::engine::evaluate_function: ConvolutionBackward0,[4057; 319; 335],[4063; 4080; 9],1246,810,[25690112; 102760448; 16384],[102760448; 16384; 0],0,backward,1
520,autograd::engine::evaluate_function: ReluBackward0,[3970; 4090],[4092],399,399,[102760448; 102760448],[102760448],0,backward,0
522,autograd::engine::evaluate_function: CudnnBatchNormBackward0,[290; 4092; 306; 310; 312; 322; 326; 331],[4099; 4101; 4103],849,849,[102760448; 102760448; 256; 256; 256; 256; 256; 0],[102760448; 256; 256],0,backward,0
525,autograd::engine::evaluate_function: ConvolutionBackward0,[4099; 280; 295],[4105; 4122; 9],369,366,[102760448; 25690112; 16384],[25690112; 16384; 0],0,backward,1
527,autograd::engine::evaluate_function: ReluBackward0,[4105; 4131],[4133],95,95,[25690112; 25690112],[25690112],0,backward,0
528,autograd::engine::evaluate_function: CudnnBatchNormBackward0,[250; 4133; 267; 271; 273; 283; 287; 292],[4138; 4140; 4143],543,543,[25690112; 25690112; 64; 64; 64; 64; 64; 0],[25690112; 64; 64],0,backward,0
531,autograd::engine::evaluate_function: ConvolutionBackward0,[4138; 240; 255],[4145; 4162; 9],792,778,[25690112; 25690112; 36864],[25690112; 36864; 0],0,backward,1
533,autograd::engine::evaluate_function: ReluBackward0,[4145; 4171],[4173],95,95,[25690112; 25690112],[25690112],0,backward,0
534,autograd::engine::evaluate_function: CudnnBatchNormBackward0,[209; 4173; 227; 231; 233; 243; 247; 252],[4178; 4180; 4183],540,540,[25690112; 25690112; 64; 64; 64; 64; 64; 0],[25690112; 64; 64],0,backward,0
537,autograd::engine::evaluate_function: ConvolutionBackward0,[4178; 161; 215],[4185; 4202; 9],1316,808,[25690112; 102760448; 16384],[102760448; 16384; 0],0,backward,1
539,autograd::engine::evaluate_function: ReluBackward0,[4092; 4212],[4214],399,399,[102760448; 102760448],[102760448],0,backward,0
541,autograd::engine::evaluate_function: CudnnBatchNormBackward0,[180; 4214; 186; 190; 192; 202; 206; 211],[4221; 4223; 4225],841,841,[102760448; 102760448; 256; 256; 256; 256; 256; 0],[102760448; 256; 256],0,backward,0
544,autograd::engine::evaluate_function: ConvolutionBackward0,[4221; 51; 174],[4228; 4245; 9],372,368,[102760448; 25690112; 16384],[25690112; 16384; 0],0,backward,1
546,autograd::engine::evaluate_function: CudnnBatchNormBackward0,[131; 4214; 148; 152; 154; 164; 168; 173],[4256; 4258; 4260],840,840,[102760448; 102760448; 256; 256; 256; 256; 256; 0],[102760448; 256; 256],0,backward,0
549,autograd::engine::evaluate_function: ConvolutionBackward0,[4256; 121; 136],[4262; 4279; 9],369,366,[102760448; 25690112; 16384],[25690112; 16384; 0],0,backward,1
551,autograd::engine::evaluate_function: ReluBackward0,[4262; 4288],[4290],95,95,[25690112; 25690112],[25690112],0,backward,0
552,autograd::engine::evaluate_function: CudnnBatchNormBackward0,[91; 4290; 108; 112; 114; 124; 128; 133],[4295; 4297; 4300],542,542,[25690112; 25690112; 64; 64; 64; 64; 64; 0],[25690112; 64; 64],0,backward,0
555,autograd::engine::evaluate_function: ConvolutionBackward0,[4295; 81; 96],[4302; 4319; 9],794,779,[25690112; 25690112; 36864],[25690112; 36864; 0],0,backward,1
557,autograd::engine::evaluate_function: ReluBackward0,[4302; 4328],[4330],95,95,[25690112; 25690112],[25690112],0,backward,0
558,autograd::engine::evaluate_function: CudnnBatchNormBackward0,[61; 4330; 68; 72; 74; 84; 88; 93],[4335; 4337; 4339],543,543,[25690112; 25690112; 64; 64; 64; 64; 64; 0],[25690112; 64; 64],0,backward,0
561,autograd::engine::evaluate_function: ConvolutionBackward0,[4335; 51; 55],[4341; 4358; 9],991,253,[25690112; 25690112; 4096],[25690112; 4096; 0],0,backward,1
563,autograd::engine::evaluate_function: MaxPool2DWithIndicesBackward0,[4228; 33; 53],[4368],1402,1401,[25690112; 102760448; 25690112],[102760448],0,backward,0
564,autograd::engine::evaluate_function: ReluBackward0,[4368; 4373],[4375],397,397,[102760448; 102760448],[102760448],0,backward,0
565,autograd::engine::evaluate_function: CudnnBatchNormBackward0,[13; 4375; 20; 24; 26; 36; 40; 46],[4380; 4382; 4384],2151,2151,[102760448; 102760448; 64; 64; 64; 64; 64; 0],[102760448; 64; 64],0,backward,0
568,autograd::engine::evaluate_function: ConvolutionBackward0,[4380; 4; 6],[9; 4386; 9],1110,1100,[102760448; 19267584; 9408],[0; 9408; 0],0,backward,1
571,aten::_foreach_lerp_,[6298; 6300; 6302; 6304; 6306; 6308; 6310; 6312; 6314; 6316; 6318; 6320; 6322; 6324; 6326; 6328; 6330; 6332; 6334; 6336; 6338; 6340; 6342; 6344; 6346; 6348; 6350; 6352; 6354; 6356; 6358; 6360; 6362; 6364; 6366; 6368; 6370; 6372; 6374; 6376; 6378; 6380; 6382; 6384; 6386; 6388; 6390; 6392; 6394; 6396; 6398; 6400; 6402; 6404; 6406; 6408; 6410; 6412; 6414; 6416; 6418; 6420; 6422; 6424; 6426; 6428; 6430; 6432; 6434; 6436; 6438; 6440; 6442; 6444; 6446; 6448; 6450; 6452; 6454; 6456; 6458; 6460; 6462; 6464; 6466; 6468; 6470; 6472; 6474; 6476; 6478; 6480; 6482; 6484; 6486; 6488; 6490; 6492; 6494; 6496; 6498; 6500; 6502; 6504; 6506; 6508; 6510; 6512; 6514; 6516; 6518; 6520; 6522; 6524; 6526; 6528; 6530; 6532; 6534; 6536; 6538; 6540; 6542; 6544; 6546; 6548; 6550; 6552; 6554; 6556; 6558; 6560; 6562; 6564; 6566; 6568; 6570; 6572; 6574; 6576; 6578; 6580; 6582; 6584; 6586; 6588; 6590; 6592; 6594; 6596; 6598; 6600; 6602; 6604; 6606; 6608; 6610; 6612; 6614; 6616; 6618; 4408; 4392; 4397; 4364; 4347; 4352; 4325; 4308; 4313; 4285; 4268; 4273; 4251; 4234; 4239; 4209; 4191; 4196; 4168; 4151; 4156; 4128; 4111; 4116; 4087; 4069; 4074; 4047; 4030; 4035; 4007; 3990; 3995; 3965; 3947; 3952; 3924; 3907; 3912; 3885; 3868; 3873; 3851; 3834; 3839; 3808; 3790; 3795; 3768; 3751; 3756; 3728; 3712; 3717; 3686; 3668; 3673; 3645; 3628; 3633; 3603; 3586; 3591; 3561; 3543; 3548; 3521; 3504; 3509; 3480; 3463; 3468; 3438; 3420; 3425; 3397; 3381; 3386; 3358; 3341; 3346; 3324; 3306; 3311; 3281; 3263; 3268; 3239; 3222; 3227; 3199; 3182; 3187; 3156; 3138; 3143; 3115; 3098; 3103; 3075; 3058; 3063; 3032; 3014; 3019; 2992; 2975; 2980; 2952; 2935; 2940; 2911; 2893; 2898; 2871; 2854; 2859; 2830; 2814; 2819; 2789; 2772; 2777; 2749; 2732; 2737; 2708; 2692; 2697; 2666; 2648; 2653; 2626; 2610; 2615; 2588; 2571; 2576; 2554; 2537; 2542; 2513; 2495; 2500; 2473; 2456; 2461; 2432; 2415; 2420; 2389; 2371; 2376; 2349; 2332; 2337; 2308; 2291; 2296; 2248; 2237],[],126,122,[9408; 64; 64; 4096; 64; 64; 36864; 64; 64; 16384; 256; 256; 16384; 256; 256; 16384; 64; 64; 36864; 64; 64; 16384; 256; 256; 16384; 64; 64; 36864; 64; 64; 16384; 256; 256; 32768; 128; 128; 147456; 128; 128; 65536; 512; 512; 131072; 512; 512; 65536; 128; 128; 147456; 128; 128; 65536; 512; 512; 65536; 128; 128; 147456; 128; 128; 65536; 512; 512; 65536; 128; 128; 147456; 128; 128; 65536; 512; 512; 131072; 256; 256; 589824; 256; 256; 262144; 1024; 1024; 524288; 1024; 1024; 262144; 256; 256; 589824; 256; 256; 262144; 1024; 1024; 262144; 256; 256; 589824; 256; 256; 262144; 1024; 1024; 262144; 256; 256; 589824; 256; 256; 262144; 1024; 1024; 262144; 256; 256; 589824; 256; 256; 262144; 1024; 1024; 262144; 256; 256; 589824; 256; 256; 262144; 1024; 1024; 524288; 512; 512; 2359296; 512; 512; 1048576; 2048; 2048; 2097152; 2048; 2048; 1048576; 512; 512; 2359296; 512; 512; 1048576; 2048; 2048; 1048576; 512; 512; 2359296; 512; 512; 1048576; 2048; 2048; 2048000; 1000; 9408; 64; 64; 4096; 64; 64; 36864; 64; 64; 16384; 256; 256; 16384; 256; 256; 16384; 64; 64; 36864; 64; 64; 16384; 256; 256; 16384; 64; 64; 36864; 64; 64; 16384; 256; 256; 32768; 128; 128; 147456; 128; 128; 65536; 512; 512; 131072; 512; 512; 65536; 128; 128; 147456; 128; 128; 65536; 512; 512; 65536; 128; 128; 147456; 128; 128; 65536; 512; 512; 65536; 128; 128; 147456; 128; 128; 65536; 512; 512; 131072; 256; 256; 589824; 256; 256; 262144; 1024; 1024; 524288; 1024; 1024; 262144; 256; 256; 589824; 256; 256; 262144; 1024; 1024; 262144; 256; 256; 589824; 256; 256; 262144; 1024; 1024; 262144; 256; 256; 589824; 256; 256; 262144; 1024; 1024; 262144; 256; 256; 589824; 256; 256; 262144; 1024; 1024; 262144; 256; 256; 589824; 256; 256; 262144; 1024; 1024; 524288; 512; 512; 2359296; 512; 512; 1048576; 2048; 2048; 2097152; 2048; 2048; 1048576; 512; 512; 2359296; 512; 512; 1048576; 2048; 2048; 1048576; 512; 512; 2359296; 512; 512; 1048576; 2048; 2048; 2048000; 1000],[],0,optimizer,0
572,aten::_foreach_mul_,[6621; 6623; 6625; 6627; 6629; 6631; 6633; 6635; 6637; 6639; 6641; 6643; 6645; 6647; 6649; 6651; 6653; 6655; 6657; 6659; 6661; 6663; 6665; 6667; 6669; 6671; 6673; 6675; 6677; 6679; 6681; 6683; 6685; 6687; 6689; 6691; 6693; 6695; 6697; 6699; 6701; 6703; 6705; 6707; 6709; 6711; 6713; 6715; 6717; 6719; 6721; 6723; 6725; 6727; 6729; 6731; 6733; 6735; 6737; 6739; 6741; 6743; 6745; 6747; 6749; 6751; 6753; 6755; 6757; 6759; 6761; 6763; 6765; 6767; 6769; 6771; 6773; 6775; 6777; 6779; 6781; 6783; 6785; 6787; 6789; 6791; 6793; 6795; 6797; 6799; 6801; 6803; 6805; 6807; 6809; 6811; 6813; 6815; 6817; 6819; 6821; 6823; 6825; 6827; 6829; 6831; 6833; 6835; 6837; 6839; 6841; 6843; 6845; 6847; 6849; 6851; 6853; 6855; 6857; 6859; 6861; 6863; 6865; 6867; 6869; 6871; 6873; 6875; 6877; 6879; 6881; 6883; 6885; 6887; 6889; 6891; 6893; 6895; 6897; 6899; 6901; 6903; 6905; 6907; 6909; 6911; 6913; 6915; 6917; 6919; 6921; 6923; 6925; 6927; 6929; 6931; 6933; 6935; 6937; 6939; 6941],[],99,96,[9408; 64; 64; 4096; 64; 64; 36864; 64; 64; 16384; 256; 256; 16384; 256; 256; 16384; 64; 64; 36864; 64; 64; 16384; 256; 256; 16384; 64; 64; 36864; 64; 64; 16384; 256; 256; 32768; 128; 128; 147456; 128; 128; 65536; 512; 512; 131072; 512; 512; 65536; 128; 128; 147456; 128; 128; 65536; 512; 512; 65536; 128; 128; 147456; 128; 128; 65536; 512; 512; 65536; 128; 128; 147456; 128; 128; 65536; 512; 512; 131072; 256; 256; 589824; 256; 256; 262144; 1024; 1024; 524288; 1024; 1024; 262144; 256; 256; 589824; 256; 256; 262144; 1024; 1024; 262144; 256; 256; 589824; 256; 256; 262144; 1024; 1024; 262144; 256; 256; 589824; 256; 256; 262144; 1024; 1024; 262144; 256; 256; 589824; 256; 256; 262144; 1024; 1024; 262144; 256; 256; 589824; 256; 256; 262144; 1024; 1024; 524288; 512; 512; 2359296; 512; 512; 1048576; 2048; 2048; 2097152; 2048; 2048; 1048576; 512; 512; 2359296; 512; 512; 1048576; 2048; 2048; 1048576; 512; 512; 2359296; 512; 512; 1048576; 2048; 2048; 2048000; 1000],[],0,optimizer,0
573,aten::_foreach_addcmul_,[6621; 6623; 6625; 6627; 6629; 6631; 6633; 6635; 6637; 6639; 6641; 6643; 6645; 6647; 6649; 6651; 6653; 6655; 6657; 6659; 6661; 6663; 6665; 6667; 6669; 6671; 6673; 6675; 6677; 6679; 6681; 6683; 6685; 6687; 6689; 6691; 6693; 6695; 6697; 6699; 6701; 6703; 6705; 6707; 6709; 6711; 6713; 6715; 6717; 6719; 6721; 6723; 6725; 6727; 6729; 6731; 6733; 6735; 6737; 6739; 6741; 6743; 6745; 6747; 6749; 6751; 6753; 6755; 6757; 6759; 6761; 6763; 6765; 6767; 6769; 6771; 6773; 6775; 6777; 6779; 6781; 6783; 6785; 6787; 6789; 6791; 6793; 6795; 6797; 6799; 6801; 6803; 6805; 6807; 6809; 6811; 6813; 6815; 6817; 6819; 6821; 6823; 6825; 6827; 6829; 6831; 6833; 6835; 6837; 6839; 6841; 6843; 6845; 6847; 6849; 6851; 6853; 6855; 6857; 6859; 6861; 6863; 6865; 6867; 6869; 6871; 6873; 6875; 6877; 6879; 6881; 6883; 6885; 6887; 6889; 6891; 6893; 6895; 6897; 6899; 6901; 6903; 6905; 6907; 6909; 6911; 6913; 6915; 6917; 6919; 6921; 6923; 6925; 6927; 6929; 6931; 6933; 6935; 6937; 6939; 6941; 4408; 4392; 4397; 4364; 4347; 4352; 4325; 4308; 4313; 4285; 4268; 4273; 4251; 4234; 4239; 4209; 4191; 4196; 4168; 4151; 4156; 4128; 4111; 4116; 4087; 4069; 4074; 4047; 4030; 4035; 4007; 3990; 3995; 3965; 3947; 3952; 3924; 3907; 3912; 3885; 3868; 3873; 3851; 3834; 3839; 3808; 3790; 3795; 3768; 3751; 3756; 3728; 3712; 3717; 3686; 3668; 3673; 3645; 3628; 3633; 3603; 3586; 3591; 3561; 3543; 3548; 3521; 3504; 3509; 3480; 3463; 3468; 3438; 3420; 3425; 3397; 3381; 3386; 3358; 3341; 3346; 3324; 3306; 3311; 3281; 3263; 3268; 3239; 3222; 3227; 3199; 3182; 3187; 3156; 3138; 3143; 3115; 3098; 3103; 3075; 3058; 3063; 3032; 3014; 3019; 2992; 2975; 2980; 2952; 2935; 2940; 2911; 2893; 2898; 2871; 2854; 2859; 2830; 2814; 2819; 2789; 2772; 2777; 2749; 2732; 2737; 2708; 2692; 2697; 2666; 2648; 2653; 2626; 2610; 2615; 2588; 2571; 2576; 2554; 2537; 2542; 2513; 2495; 2500; 2473; 2456; 2461; 2432; 2415; 2420; 2389; 2371; 2376; 2349; 2332; 2337; 2308; 2291; 2296; 2248; 2237; 4408; 4392; 4397; 4364; 4347; 4352; 4325; 4308; 4313; 4285; 4268; 4273; 4251; 4234; 4239; 4209; 4191; 4196; 4168; 4151; 4156; 4128; 4111; 4116; 4087; 4069; 4074; 4047; 4030; 4035; 4007; 3990; 3995; 3965; 3947; 3952; 3924; 3907; 3912; 3885; 3868; 3873; 3851; 3834; 3839; 3808; 3790; 3795; 3768; 3751; 3756; 3728; 3712; 3717; 3686; 3668; 3673; 3645; 3628; 3633; 3603; 3586; 3591; 3561; 3543; 3548; 3521; 3504; 3509; 3480; 3463; 3468; 3438; 3420; 3425; 3397; 3381; 3386; 3358; 3341; 3346; 3324; 3306; 3311; 3281; 3263; 3268; 3239; 3222; 3227; 3199; 3182; 3187; 3156; 3138; 3143; 3115; 3098; 3103; 3075; 3058; 3063; 3032; 3014; 3019; 2992; 2975; 2980; 2952; 2935; 2940; 2911; 2893; 2898; 2871; 2854; 2859; 2830; 2814; 2819; 2789; 2772; 2777; 2749; 2732; 2737; 2708; 2692; 2697; 2666; 2648; 2653; 2626; 2610; 2615; 2588; 2571; 2576; 2554; 2537; 2542; 2513; 2495; 2500; 2473; 2456; 2461; 2432; 2415; 2420; 2389; 2371; 2376; 2349; 2332; 2337; 2308; 2291; 2296; 2248; 2237],[],149,145,[9408; 64; 64; 4096; 64; 64; 36864; 64; 64; 16384; 256; 256; 16384; 256; 256; 16384; 64; 64; 36864; 64; 64; 16384; 256; 256; 16384; 64; 64; 36864; 64; 64; 16384; 256; 256; 32768; 128; 128; 147456; 128; 128; 65536; 512; 512; 131072; 512; 512; 65536; 128; 128; 147456; 128; 128; 65536; 512; 512; 65536; 128; 128; 147456; 128; 128; 65536; 512; 512; 65536; 128; 128; 147456; 128; 128; 65536; 512; 512; 131072; 256; 256; 589824; 256; 256; 262144; 1024; 1024; 524288; 1024; 1024; 262144; 256; 256; 589824; 256; 256; 262144; 1024; 1024; 262144; 256; 256; 589824; 256; 256; 262144; 1024; 1024; 262144; 256; 256; 589824; 256; 256; 262144; 1024; 1024; 262144; 256; 256; 589824; 256; 256; 262144; 1024; 1024; 262144; 256; 256; 589824; 256; 256; 262144; 1024; 1024; 524288; 512; 512; 2359296; 512; 512; 1048576; 2048; 2048; 2097152; 2048; 2048; 1048576; 512; 512; 2359296; 512; 512; 1048576; 2048; 2048; 1048576; 512; 512; 2359296; 512; 512; 1048576; 2048; 2048; 2048000; 1000; 9408; 64; 64; 4096; 64; 64; 36864; 64; 64; 16384; 256; 256; 16384; 256; 256; 16384; 64; 64; 36864; 64; 64; 16384; 256; 256; 16384; 64; 64; 36864; 64; 64; 16384; 256; 256; 32768; 128; 128; 147456; 128; 128; 65536; 512; 512; 131072; 512; 512; 65536; 128; 128; 147456; 128; 128; 65536; 512; 512; 65536; 128; 128; 147456; 128; 128; 65536; 512; 512; 65536; 128; 128; 147456; 128; 128; 65536; 512; 512; 131072; 256; 256; 589824; 256; 256; 262144; 1024; 1024; 524288; 1024; 1024; 262144; 256; 256; 589824; 256; 256; 262144; 1024; 1024; 262144; 256; 256; 589824; 256; 256; 262144; 1024; 1024; 262144; 256; 256; 589824; 256; 256; 262144; 1024; 1024; 262144; 256; 256; 589824; 256; 256; 262144; 1024; 1024; 262144; 256; 256; 589824; 256; 256; 262144; 1024; 1024; 524288; 512; 512; 2359296; 512; 512; 1048576; 2048; 2048; 2097152; 2048; 2048; 1048576; 512; 512; 2359296; 512; 512; 1048576; 2048; 2048; 1048576; 512; 512; 2359296; 512; 512; 1048576; 2048; 2048; 2048000; 1000; 9408; 64; 64; 4096; 64; 64; 36864; 64; 64; 16384; 256; 256; 16384; 256; 256; 16384; 64; 64; 36864; 64; 64; 16384; 256; 256; 16384; 64; 64; 36864; 64; 64; 16384; 256; 256; 32768; 128; 128; 147456; 128; 128; 65536; 512; 512; 131072; 512; 512; 65536; 128; 128; 147456; 128; 128; 65536; 512; 512; 65536; 128; 128; 147456; 128; 128; 65536; 512; 512; 65536; 128; 128; 147456; 128; 128; 65536; 512; 512; 131072; 256; 256; 589824; 256; 256; 262144; 1024; 1024; 524288; 1024; 1024; 262144; 256; 256; 589824; 256; 256; 262144; 1024; 1024; 262144; 256; 256; 589824; 256; 256; 262144; 1024; 1024; 262144; 256; 256; 589824; 256; 256; 262144; 1024; 1024; 262144; 256; 256; 589824; 256; 256; 262144; 1024; 1024; 262144; 256; 256; 589824; 256; 256; 262144; 1024; 1024; 524288; 512; 512; 2359296; 512; 512; 1048576; 2048; 2048; 2097152; 2048; 2048; 1048576; 512; 512; 2359296; 512; 512; 1048576; 2048; 2048; 1048576; 512; 512; 2359296; 512; 512; 1048576; 2048; 2048; 2048000; 1000],[],0,optimizer,0
896,aten::_foreach_sqrt,[6621; 6623; 6625; 6627; 6629; 6631; 6633; 6635; 6637; 6639; 6641; 6643; 6645; 6647; 6649; 6651; 6653; 6655; 6657; 6659; 6661; 6663; 6665; 6667; 6669; 6671; 6673; 6675; 6677; 6679; 6681; 6683; 6685; 6687; 6689; 6691; 6693; 6695; 6697; 6699; 6701; 6703; 6705; 6707; 6709; 6711; 6713; 6715; 6717; 6719; 6721; 6723; 6725; 6727; 6729; 6731; 6733; 6735; 6737; 6739; 6741; 6743; 6745; 6747; 6749; 6751; 6753; 6755; 6757; 6759; 6761; 6763; 6765; 6767; 6769; 6771; 6773; 6775; 6777; 6779; 6781; 6783; 6785; 6787; 6789; 6791; 6793; 6795; 6797; 6799; 6801; 6803; 6805; 6807; 6809; 6811; 6813; 6815; 6817; 6819; 6821; 6823; 6825; 6827; 6829; 6831; 6833; 6835; 6837; 6839; 6841; 6843; 6845; 6847; 6849; 6851; 6853; 6855; 6857; 6859; 6861; 6863; 6865; 6867; 6869; 6871; 6873; 6875; 6877; 6879; 6881; 6883; 6885; 6887; 6889; 6891; 6893; 6895; 6897; 6899; 6901; 6903; 6905; 6907; 6909; 6911; 6913; 6915; 6917; 6919; 6921; 6923; 6925; 6927; 6929; 6931; 6933; 6935; 6937; 6939; 6941],[7913; 7916; 7918; 7920; 7923; 7925; 7927; 7930; 7933; 7935; 7938; 7941; 7943; 7946; 7948; 7951; 7954; 7956; 7959; 7962; 7965; 7968; 7971; 7973; 7976; 7979; 7982; 7985; 7988; 7991; 7994; 7997; 8000; 8003; 8006; 8009; 8012; 8015; 8018; 8021; 8024; 8027; 8030; 8033; 8036; 8039; 8042; 8045; 8048; 8051; 8054; 8057; 8060; 8063; 8066; 8069; 8072; 8075; 8078; 8081; 8084; 8087; 8090; 8093; 8096; 8099; 8102; 8105; 8108; 8111; 8114; 8117; 8120; 8123; 8126; 8129; 8132; 8135; 8138; 8141; 8144; 8147; 8150; 8153; 8156; 8159; 8162; 8165; 8168; 8170; 8173; 8176; 8179; 8182; 8185; 8188; 8191; 8194; 8197; 8200; 8203; 8206; 8209; 8212; 8215; 8218; 8220; 8223; 8226; 8229; 8232; 8235; 8238; 8241; 8244; 8247; 8250; 8253; 8256; 8259; 8262; 8265; 8268; 8271; 8274; 8277; 8280; 8283; 8286; 8289; 8292; 8295; 8298; 8300; 8303; 8306; 8309; 8312; 8315; 8318; 8321; 8324; 8326; 8329; 8332; 8335; 8338; 8341; 8344; 8347; 8350; 8353; 8356; 8359; 8362; 8365; 8368; 8371; 8374; 8377; 8380],105,102,[9408; 64; 64; 4096; 64; 64; 36864; 64; 64; 16384; 256; 256; 16384; 256; 256; 16384; 64; 64; 36864; 64; 64; 16384; 256; 256; 16384; 64; 64; 36864; 64; 64; 16384; 256; 256; 32768; 128; 128; 147456; 128; 128; 65536; 512; 512; 131072; 512; 512; 65536; 128; 128; 147456; 128; 128; 65536; 512; 512; 65536; 128; 128; 147456; 128; 128; 65536; 512; 512; 65536; 128; 128; 147456; 128; 128; 65536; 512; 512; 131072; 256; 256; 589824; 256; 256; 262144; 1024; 1024; 524288; 1024; 1024; 262144; 256; 256; 589824; 256; 256; 262144; 1024; 1024; 262144; 256; 256; 589824; 256; 256; 262144; 1024; 1024; 262144; 256; 256; 589824; 256; 256; 262144; 1024; 1024; 262144; 256; 256; 589824; 256; 256; 262144; 1024; 1024; 262144; 256; 256; 589824; 256; 256; 262144; 1024; 1024; 524288; 512; 512; 2359296; 512; 512; 1048576; 2048; 2048; 2097152; 2048; 2048; 1048576; 512; 512; 2359296; 512; 512; 1048576; 2048; 2048; 1048576; 512; 512; 2359296; 512; 512; 1048576; 2048; 2048; 2048000; 1000],[9408; 64; 64; 4096; 64; 64; 36864; 64; 64; 16384; 256; 256; 16384; 256; 256; 16384; 64; 64; 36864; 64; 64; 16384; 256; 256; 16384; 64; 64; 36864; 64; 64; 16384; 256; 256; 32768; 128; 128; 147456; 128; 128; 65536; 512; 512; 131072; 512; 512; 65536; 128; 128; 147456; 128; 128; 65536; 512; 512; 65536; 128; 128; 147456; 128; 128; 65536; 512; 512; 65536; 128; 128; 147456; 128; 128; 65536; 512; 512; 131072; 256; 256; 589824; 256; 256; 262144; 1024; 1024; 524288; 1024; 1024; 262144; 256; 256; 589824; 256; 256; 262144; 1024; 1024; 262144; 256; 256; 589824; 256; 256; 262144; 1024; 1024; 262144; 256; 256; 589824; 256; 256; 262144; 1024; 1024; 262144; 256; 256; 589824; 256; 256; 262144; 1024; 1024; 262144; 256; 256; 589824; 256; 256; 262144; 1024; 1024; 524288; 512; 512; 2359296; 512; 512; 1048576; 2048; 2048; 2097152; 2048; 2048; 1048576; 512; 512; 2359296; 512; 512; 1048576; 2048; 2048; 1048576; 512; 512; 2359296; 512; 512; 1048576; 2048; 2048; 2048000; 1000],0,optimizer,0
897,aten::_foreach_div_,[7913; 7916; 7918; 7920; 7923; 7925; 7927; 7930; 7933; 7935; 7938; 7941; 7943; 7946; 7948; 7951; 7954; 7956; 7959; 7962; 7965; 7968; 7971; 7973; 7976; 7979; 7982; 7985; 7988; 7991; 7994; 7997; 8000; 8003; 8006; 8009; 8012; 8015; 8018; 8021; 8024; 8027; 8030; 8033; 8036; 8039; 8042; 8045; 8048; 8051; 8054; 8057; 8060; 8063; 8066; 8069; 8072; 8075; 8078; 8081; 8084; 8087; 8090; 8093; 8096; 8099; 8102; 8105; 8108; 8111; 8114; 8117; 8120; 8123; 8126; 8129; 8132; 8135; 8138; 8141; 8144; 8147; 8150; 8153; 8156; 8159; 8162; 8165; 8168; 8170; 8173; 8176; 8179; 8182; 8185; 8188; 8191; 8194; 8197; 8200; 8203; 8206; 8209; 8212; 8215; 8218; 8220; 8223; 8226; 8229; 8232; 8235; 8238; 8241; 8244; 8247; 8250; 8253; 8256; 8259; 8262; 8265; 8268; 8271; 8274; 8277; 8280; 8283; 8286; 8289; 8292; 8295; 8298; 8300; 8303; 8306; 8309; 8312; 8315; 8318; 8321; 8324; 8326; 8329; 8332; 8335; 8338; 8341; 8344; 8347; 8350; 8353; 8356; 8359; 8362; 8365; 8368; 8371; 8374; 8377; 8380],[],107,104,[9408; 64; 64; 4096; 64; 64; 36864; 64; 64; 16384; 256; 256; 16384; 256; 256; 16384; 64; 64; 36864; 64; 64; 16384; 256; 256; 16384; 64; 64; 36864; 64; 64; 16384; 256; 256; 32768; 128; 128; 147456; 128; 128; 65536; 512; 512; 131072; 512; 512; 65536; 128; 128; 147456; 128; 128; 65536; 512; 512; 65536; 128; 128; 147456; 128; 128; 65536; 512; 512; 65536; 128; 128; 147456; 128; 128; 65536; 512; 512; 131072; 256; 256; 589824; 256; 256; 262144; 1024; 1024; 524288; 1024; 1024; 262144; 256; 256; 589824; 256; 256; 262144; 1024; 1024; 262144; 256; 256; 589824; 256; 256; 262144; 1024; 1024; 262144; 256; 256; 589824; 256; 256; 262144; 1024; 1024; 262144; 256; 256; 589824; 256; 256; 262144; 1024; 1024; 262144; 256; 256; 589824; 256; 256; 262144; 1024; 1024; 524288; 512; 512; 2359296; 512; 512; 1048576; 2048; 2048; 2097152; 2048; 2048; 1048576; 512; 512; 2359296; 512; 512; 1048576; 2048; 2048; 1048576; 512; 512; 2359296; 512; 512; 1048576; 2048; 2048; 2048000; 1000],[],0,optimizer,0
898,aten::_foreach_add_,[7913; 7916; 7918; 7920; 7923; 7925; 7927; 7930; 7933; 7935; 7938; 7941; 7943; 7946; 7948; 7951; 7954; 7956; 7959; 7962; 7965; 7968; 7971; 7973; 7976; 7979; 7982; 7985; 7988; 7991; 7994; 7997; 8000; 8003; 8006; 8009; 8012; 8015; 8018; 8021; 8024; 8027; 8030; 8033; 8036; 8039; 8042; 8045; 8048; 8051; 8054; 8057; 8060; 8063; 8066; 8069; 8072; 8075; 8078; 8081; 8084; 8087; 8090; 8093; 8096; 8099; 8102; 8105; 8108; 8111; 8114; 8117; 8120; 8123; 8126; 8129; 8132; 8135; 8138; 8141; 8144; 8147; 8150; 8153; 8156; 8159; 8162; 8165; 8168; 8170; 8173; 8176; 8179; 8182; 8185; 8188; 8191; 8194; 8197; 8200; 8203; 8206; 8209; 8212; 8215; 8218; 8220; 8223; 8226; 8229; 8232; 8235; 8238; 8241; 8244; 8247; 8250; 8253; 8256; 8259; 8262; 8265; 8268; 8271; 8274; 8277; 8280; 8283; 8286; 8289; 8292; 8295; 8298; 8300; 8303; 8306; 8309; 8312; 8315; 8318; 8321; 8324; 8326; 8329; 8332; 8335; 8338; 8341; 8344; 8347; 8350; 8353; 8356; 8359; 8362; 8365; 8368; 8371; 8374; 8377; 8380],[],101,98,[9408; 64; 64; 4096; 64; 64; 36864; 64; 64; 16384; 256; 256; 16384; 256; 256; 16384; 64; 64; 36864; 64; 64; 16384; 256; 256; 16384; 64; 64; 36864; 64; 64; 16384; 256; 256; 32768; 128; 128; 147456; 128; 128; 65536; 512; 512; 131072; 512; 512; 65536; 128; 128; 147456; 128; 128; 65536; 512; 512; 65536; 128; 128; 147456; 128; 128; 65536; 512; 512; 65536; 128; 128; 147456; 128; 128; 65536; 512; 512; 131072; 256; 256; 589824; 256; 256; 262144; 1024; 1024; 524288; 1024; 1024; 262144; 256; 256; 589824; 256; 256; 262144; 1024; 1024; 262144; 256; 256; 589824; 256; 256; 262144; 1024; 1024; 262144; 256; 256; 589824; 256; 256; 262144; 1024; 1024; 262144; 256; 256; 589824; 256; 256; 262144; 1024; 1024; 262144; 256; 256; 589824; 256; 256; 262144; 1024; 1024; 524288; 512; 512; 2359296; 512; 512; 1048576; 2048; 2048; 2097152; 2048; 2048; 1048576; 512; 512; 2359296; 512; 512; 1048576; 2048; 2048; 1048576; 512; 512; 2359296; 512; 512; 1048576; 2048; 2048; 2048000; 1000],[],0,optimizer,0
899,aten::_foreach_addcdiv_,[6; 20; 22; 55; 68; 70; 96; 108; 110; 136; 148; 150; 174; 186; 188; 215; 227; 229; 255; 267; 269; 295; 306; 308; 335; 347; 349; 375; 387; 389; 415; 428; 430; 458; 471; 473; 500; 513; 515; 542; 555; 557; 582; 595; 597; 625; 638; 640; 666; 679; 681; 706; 719; 721; 749; 762; 764; 790; 802; 804; 830; 842; 844; 871; 883; 885; 911; 923; 925; 951; 963; 965; 992; 1004; 1006; 1032; 1044; 1046; 1072; 1084; 1086; 1110; 1122; 1124; 1151; 1163; 1165; 1191; 1202; 1204; 1230; 1242; 1244; 1271; 1283; 1285; 1311; 1323; 1325; 1351; 1363; 1365; 1392; 1404; 1406; 1432; 1444; 1446; 1472; 1484; 1486; 1513; 1525; 1527; 1553; 1565; 1567; 1593; 1605; 1607; 1634; 1646; 1648; 1674; 1686; 1688; 1714; 1726; 1728; 1755; 1767; 1769; 1795; 1807; 1809; 1835; 1847; 1849; 1873; 1885; 1887; 1914; 1926; 1928; 1954; 1966; 1968; 1993; 2005; 2007; 2034; 2046; 2048; 2074; 2086; 2088; 2114; 2126; 2128; 2161; 2163; 6298; 6300; 6302; 6304; 6306; 6308; 6310; 6312; 6314; 6316; 6318; 6320; 6322; 6324; 6326; 6328; 6330; 6332; 6334; 6336; 6338; 6340; 6342; 6344; 6346; 6348; 6350; 6352; 6354; 6356; 6358; 6360; 6362; 6364; 6366; 6368; 6370; 6372; 6374; 6376; 6378; 6380; 6382; 6384; 6386; 6388; 6390; 6392; 6394; 6396; 6398; 6400; 6402; 6404; 6406; 6408; 6410; 6412; 6414; 6416; 6418; 6420; 6422; 6424; 6426; 6428; 6430; 6432; 6434; 6436; 6438; 6440; 6442; 6444; 6446; 6448; 6450; 6452; 6454; 6456; 6458; 6460; 6462; 6464; 6466; 6468; 6470; 6472; 6474; 6476; 6478; 6480; 6482; 6484; 6486; 6488; 6490; 6492; 6494; 6496; 6498; 6500; 6502; 6504; 6506; 6508; 6510; 6512; 6514; 6516; 6518; 6520; 6522; 6524; 6526; 6528; 6530; 6532; 6534; 6536; 6538; 6540; 6542; 6544; 6546; 6548; 6550; 6552; 6554; 6556; 6558; 6560; 6562; 6564; 6566; 6568; 6570; 6572; 6574; 6576; 6578; 6580; 6582; 6584; 6586; 6588; 6590; 6592; 6594; 6596; 6598; 6600; 6602; 6604; 6606; 6608; 6610; 6612; 6614; 6616; 6618; 7913; 7916; 7918; 7920; 7923; 7925; 7927; 7930; 7933; 7935; 7938; 7941; 7943; 7946; 7948; 7951; 7954; 7956; 7959; 7962; 7965; 7968; 7971; 7973; 7976; 7979; 7982; 7985; 7988; 7991; 7994; 7997; 8000; 8003; 8006; 8009; 8012; 8015; 8018; 8021; 8024; 8027; 8030; 8033; 8036; 8039; 8042; 8045; 8048; 8051; 8054; 8057; 8060; 8063; 8066; 8069; 8072; 8075; 8078; 8081; 8084; 8087; 8090; 8093; 8096; 8099; 8102; 8105; 8108; 8111; 8114; 8117; 8120; 8123; 8126; 8129; 8132; 8135; 8138; 8141; 8144; 8147; 8150; 8153; 8156; 8159; 8162; 8165; 8168; 8170; 8173; 8176; 8179; 8182; 8185; 8188; 8191; 8194; 8197; 8200; 8203; 8206; 8209; 8212; 8215; 8218; 8220; 8223; 8226; 8229; 8232; 8235; 8238; 8241; 8244; 8247; 8250; 8253; 8256; 8259; 8262; 8265; 8268; 8271; 8274; 8277; 8280; 8283; 8286; 8289; 8292; 8295; 8298; 8300; 8303; 8306; 8309; 8312; 8315; 8318; 8321; 8324; 8326; 8329; 8332; 8335; 8338; 8341; 8344; 8347; 8350; 8353; 8356; 8359; 8362; 8365; 8368; 8371; 8374; 8377; 8380],[],183,178,[9408; 64; 64; 4096; 64; 64; 36864; 64; 64; 16384; 256; 256; 16384; 256; 256; 16384; 64; 64; 36864; 64; 64; 16384; 256; 256; 16384; 64; 64; 36864; 64; 64; 16384; 256; 256; 32768; 128; 128; 147456; 128; 128; 65536; 512; 512; 131072; 512; 512; 65536; 128; 128; 147456; 128; 128; 65536; 512; 512; 65536; 128; 128; 147456; 128; 128; 65536; 512; 512; 65536; 128; 128; 147456; 128; 128; 65536; 512; 512; 131072; 256; 256; 589824; 256; 256; 262144; 1024; 1024; 524288; 1024; 1024; 262144; 256; 256; 589824; 256; 256; 262144; 1024; 1024; 262144; 256; 256; 589824; 256; 256; 262144; 1024; 1024; 262144; 256; 256; 589824; 256; 256; 262144; 1024; 1024; 262144; 256; 256; 589824; 256; 256; 262144; 1024; 1024; 262144; 256; 256; 589824; 256; 256; 262144; 1024; 1024; 524288; 512; 512; 2359296; 512; 512; 1048576; 2048; 2048; 2097152; 2048; 2048; 1048576; 512; 512; 2359296; 512; 512; 1048576; 2048; 2048; 1048576; 512; 512; 2359296; 512; 512; 1048576; 2048; 2048; 2048000; 1000; 9408; 64; 64; 4096; 64; 64; 36864; 64; 64; 16384; 256; 256; 16384; 256; 256; 16384; 64; 64; 36864; 64; 64; 16384; 256; 256; 16384; 64; 64; 36864; 64; 64; 16384; 256; 256; 32768; 128; 128; 147456; 128; 128; 65536; 512; 512; 131072; 512; 512; 65536; 128; 128; 147456; 128; 128; 65536; 512; 512; 65536; 128; 128; 147456; 128; 128; 65536; 512; 512; 65536; 128; 128; 147456; 128; 128; 65536; 512; 512; 131072; 256; 256; 589824; 256; 256; 262144; 1024; 1024; 524288; 1024; 1024; 262144; 256; 256; 589824; 256; 256; 262144; 1024; 1024; 262144; 256; 256; 589824; 256; 256; 262144; 1024; 1024; 262144; 256; 256; 589824; 256; 256; 262144; 1024; 1024; 262144; 256; 256; 589824; 256; 256; 262144; 1024; 1024; 262144; 256; 256; 589824; 256; 256; 262144; 1024; 1024; 524288; 512; 512; 2359296; 512; 512; 1048576; 2048; 2048; 2097152; 2048; 2048; 1048576; 512; 512; 2359296; 512; 512; 1048576; 2048; 2048; 1048576; 512; 512; 2359296; 512; 512; 1048576; 2048; 2048; 2048000; 1000; 9408; 64; 64; 4096; 64; 64; 36864; 64; 64; 16384; 256; 256; 16384; 256; 256; 16384; 64; 64; 36864; 64; 64; 16384; 256; 256; 16384; 64; 64; 36864; 64; 64; 16384; 256; 256; 32768; 128; 128; 147456; 128; 128; 65536; 512; 512; 131072; 512; 512; 65536; 128; 128; 147456; 128; 128; 65536; 512; 512; 65536; 128; 128; 147456; 128; 128; 65536; 512; 512; 65536; 128; 128; 147456; 128; 128; 65536; 512; 512; 131072; 256; 256; 589824; 256; 256; 262144; 1024; 1024; 524288; 1024; 1024; 262144; 256; 256; 589824; 256; 256; 262144; 1024; 1024; 262144; 256; 256; 589824; 256; 256; 262144; 1024; 1024; 262144; 256; 256; 589824; 256; 256; 262144; 1024; 1024; 262144; 256; 256; 589824; 256; 256; 262144; 1024; 1024; 262144; 256; 256; 589824; 256; 256; 262144; 1024; 1024; 524288; 512; 512; 2359296; 512; 512; 1048576; 2048; 2048; 2097152; 2048; 2048; 1048576; 512; 512; 2359296; 512; 512; 1048576; 2048; 2048; 1048576; 512; 512; 2359296; 512; 512; 1048576; 2048; 2048; 2048000; 1000],[],0,optimizer,0